,RR,NN,AVNN,SDNN,RMSSD,pNN50,SEM,BETA_LOMB,HF_NORM_LOMB,HF_PEAK_LOMB,HF_POWER_LOMB,LF_NORM_LOMB,LF_PEAK_LOMB,LF_POWER_LOMB,LF_TO_HF_LOMB,TOTAL_POWER_LOMB,VLF_NORM_LOMB,VLF_POWER_LOMB,SD1,SD2,alpha1,alpha2,SampEn,PIP,IALS,PSS,PAS
0,2764,2746,650.6993126365622,80.1089783023034,22.273980682593375,3.096539162112933,1.52873048605518,-1.0678284885338676,7.418808894532699,0.15323578595317727,66.10256810699849,28.5383505614406,0.08297157190635453,254.28047661926615,3.8467563954197517,891.0132212155089,57.009360510349545,507.96093947762773,15.75294613503386,112.20751976614535,1.282537990643243,0.9840153033426896,0.5962660254537093,35.214857975236704,0.35264116575591986,26.219956300072834,7.975236707938819
1,2516,2506,714.6598164405427,48.74010865445343,24.88267363634612,4.590818363273453,0.9736345118517346,-0.3247385239603816,10.853151695210135,0.15921571906354515,86.80149055432129,50.54192038246013,0.08297157190635453,404.2248876528239,4.656888782340157,799.7814182642426,35.32781436959653,282.54529480691804,17.598216775945854,66.65509185190083,1.4433587636884018,0.819748416048188,1.0384300577983454,32.881085395051876,0.3293413173652695,24.142059058260177,7.82122905027933
2,2615,2600,687.3858173076923,78.65517318989136,28.46320819890852,7.233551365909966,1.5425548574626002,-1.2519093600623585,8.664780369157365,0.17491304347826087,133.57240963083646,27.312778320712408,0.11137625418060201,421.04167198472356,3.1521604884450785,1541.5556302649384,60.200032234456636,928.016986331574,20.130384459419936,109.41234953347686,1.3677251480479546,1.089552749787123,0.8073203832475779,32.69230769230769,0.3274336283185841,23.46153846153846,5.4230769230769225
3,2611,2569,686.7458154924095,83.01596306520526,32.399735983199854,9.735202492211839,1.637870490762002,-1.1334141507069466,10.166184635400983,0.16370066889632107,167.5294382094747,36.29482772645918,0.09642642140468229,598.105613560258,3.5701523263774178,1647.9086719131467,46.7770343419783,770.8428053852512,22.914534100427055,115.16118169969869,1.373734183834819,0.920366535109133,0.8606739437126565,30.2841572596341,0.30334890965732086,21.409108602569095,3.9314908524717787
4,2817,2767,635.3281984098302,73.4835079612609,28.234486393853718,7.339117859725235,1.3969642783198102,-0.9291536016064558,12.816356811848955,0.1562257525083612,143.20986592443273,40.81705034304438,0.0896989966555184,456.0893858427868,3.1847623269436656,1117.3991800230829,37.737243259361165,421.67564674341776,19.968406636799376,101.98573044449245,1.3755801590242906,0.8046561080309353,0.9659361007091922,29.887965305384895,0.2993492407809111,19.37116010119263,5.023491145645103
5,2748,2704,651.9305889423077,70.90467696445754,28.082866300426204,6.474287828338883,1.3635514800857218,-1.1807979585255242,12.93148219699174,0.1913578595317726,177.1380811674875,33.264944854765275,0.08371906354515052,455.67000069691784,2.572400003961164,1369.8204000829485,46.91183427383485,642.6078759360943,19.861255678014135,98.30308722954994,1.3612256066349422,0.9298735350163394,1.1325128460604232,29.659763313609467,0.29707732149463556,19.45266272189349,3.772189349112426
6,2860,2824,627.2159392705382,65.90853240965917,26.241127518358134,5.278072972015586,1.2402501695798063,-1.6317769482986324,7.127530415995398,0.17939799331103679,127.90879737234701,20.70337200522279,0.06428428093645486,371.53730116640065,2.904704827181218,1794.5738552766857,63.52049938958076,1139.922274786603,18.558554046488002,91.3503349992983,1.389525791241494,0.9708059365341557,1.0404020647135397,29.355524079320112,0.29401346085724406,19.511331444759207,5.311614730878187
7,2785,2732,642.8211932650073,75.45382353865148,30.39622629338261,9.080922738923471,1.4435801596655191,-1.229874984966597,8.973749099517745,0.1734180602006689,162.74393048368688,27.71419279218139,0.07026421404682275,502.61229895815245,3.088362788488344,1813.555612920277,50.12546605806726,909.0532031985272,21.49731151009976,104.52208764956993,1.3738707018239615,0.8619707861567361,1.0455630160833986,28.953147877013173,0.2900036616623947,18.740849194729137,4.685212298682284
8,2923,2878,612.6867616400278,84.67061712459623,28.3646329742269,7.299270072992701,1.5782919097614152,-0.6649373975239474,14.048211725783133,0.16071070234113713,146.46608263266677,32.62293963560758,0.1240836120401338,340.12543842999605,2.3222129814383172,1042.5959224678602,43.18008999713681,450.1938576281008,20.0603094785372,118.06937354374345,1.2686191505088042,0.8291675900292322,0.5662364320022669,32.41834607366226,0.3246437261035801,23.245309242529537,8.269631688672689
9,3001,2988,598.8746653279786,48.92023690877705,20.237861343596514,2.879142952795447,0.8949489338020415,-1.1653568225189277,8.90725616896778,0.18164046822742475,77.22987786004558,34.106892948483924,0.1330535117056856,295.72195147749,3.829113287132104,867.0445353206383,49.595237987161234,430.0128007469468,14.312720726414772,67.69442647748663,1.3683216534099716,0.8965159101461716,0.8824070096270225,28.21285140562249,0.28255775025108804,17.302543507362785,4.518072289156627
10,2982,2955,601.6471023688663,49.333094359510795,23.331028614500617,4.129993229519296,0.9075271246214371,-1.2393191110919797,12.175054248456872,0.18687290969899667,98.04885603976362,36.982655377106575,0.09493143812709032,297.8308744289746,3.0375762294278026,805.3258247468657,47.237846486779894,380.4185768123185,16.50031900921791,67.79783216491425,1.4197409390216138,0.9007772703452839,0.9110107803759716,27.343485617597292,0.2738659444820582,16.988155668358715,4.467005076142132
11,2844,2813,630.72120511909,68.83206042038005,27.03601150619723,6.507823613086771,1.2977944239234285,-1.1808144397519298,10.325219755866108,0.16594314381270903,129.65723625131275,34.14681048711852,0.0896989966555184,428.7929147504859,3.3071267531830064,1255.7334305417573,49.74034533277248,624.6061448105407,19.120714512661333,95.43977216938265,1.3456118973676945,0.9184702007141305,1.0068515560405156,28.937077852826164,0.2898293029871977,17.70351937433345,5.154639175257731
12,2527,2489,709.6348935315388,65.09588157984567,34.75976068490381,12.138263665594856,1.3047913370994395,-0.3645868249535718,12.934311645488995,0.18089297658862877,220.53498573737883,52.16256897514088,0.08745652173913045,889.3918532548877,4.032883264671702,1705.0384417967323,32.51117829877839,554.3280878752485,24.58380306297928,88.73117435768536,1.3862770511645237,0.7134259134680536,1.30107874095705,29.85134592205705,0.2990353697749196,19.365206910405785,4.7408597830454005
13,2882,2861,622.9492528836072,86.58492736049143,25.869917324522365,5.804195804195804,1.6187633684604457,-1.0272126029553588,8.95776531847277,0.1846304347826087,124.07824337694865,35.920881066317904,0.11062876254180604,497.55710992670924,4.0100270312107416,1385.1472880303481,49.44298353212327,684.8581455164972,18.295982649079512,121.0802093175447,1.4234019788102377,0.9352139160868519,0.5423212497388952,29.185599440754984,0.2923076923076923,19.29395316322964,5.662355819643481
14,2439,2409,736.7910699460357,78.72978308935086,35.80066462509641,13.330564784053156,1.604060169286056,-0.10363425888855858,15.818194517914467,0.1801454849498328,207.104447575931,53.735431036837845,0.049334448160535116,703.5472188393667,3.3970647519842574,1309.279939258431,29.454908300603915,385.6472055067735,25.32006926465081,108.40012503861072,1.3546983635364753,0.7915563235075571,1.0237223175175558,30.80116230801162,0.3085548172757475,19.510170195101704,3.4869240348692405
15,2470,2440,727.0683913934427,70.86284960781815,37.47177490306563,15.252152521525215,1.4345764575359856,0.01611102714152331,19.505530253037186,0.18687290969899667,252.23126373539517,53.397505843533565,0.13230602006688963,690.4975258047881,2.7375572543186357,1293.126925868219,26.48603411963736,342.4980387956741,26.50197926690273,96.6622018955517,1.3148761406768936,0.8409953278073521,1.5086612979505956,31.68032786885246,0.31734317343173435,21.92622950819672,5.0
16,2472,2443,726.3226565697912,56.676152250172,35.01859168229269,13.022113022113022,1.146670460623249,-0.7331694022125305,20.00916563182804,0.1577207357859532,245.07206558983364,51.73750029249595,0.09493143812709032,633.6803991950469,2.585690040478175,1224.7990251027966,26.453797367640473,324.00585226152975,24.766955204555632,76.22582104586388,1.313569723891701,0.6560421383616499,1.4631750002459254,31.641424478100692,0.31695331695331697,22.431436758084324,4.338927548096602
17,2558,2526,701.9187945368171,89.54117098963368,30.837704079319256,8.316831683168317,1.7815831499728405,-0.7843621965111754,13.65565073611078,0.1614581939799331,181.32877350574267,42.01158046246879,0.10763879598662209,557.8575862483518,3.0764978743469222,1327.8662219021157,40.655629653807146,539.8523734745252,21.80986350518105,124.71357639151384,1.2346290513819884,0.8917022660705254,0.8753645652615092,30.364212193190816,0.30415841584158415,20.823436262866192,4.117181314330958
18,2328,2302,771.5878855343179,72.27382058892593,37.96990283494401,14.254671881790525,1.5063585389974512,-1.0702509658575154,12.635938253959035,0.19061036789297658,273.96748143857803,31.65127451396823,0.044849498327759196,686.2505805768748,2.5048614418522814,2168.160970181536,53.27310862551661,1155.0467488208644,26.85461140223013,98.64159432640002,1.3223245151642842,0.9977701660957267,1.479333509584765,33.97046046915725,0.34028683181225555,26.238053866203302,3.3449174630755865
19,2312,2300,778.1317934782609,104.18864492424407,34.226920416592904,11.091779034362766,2.172483424777937,-0.438583572760216,12.603144052066806,0.18836789297658862,213.0011095961225,32.741564251669395,0.12034615384615387,553.353154316652,2.5978885995752825,1690.0632787831394,51.672350316903774,873.2954179901739,24.207305130563196,145.33249825461428,1.2968203929711908,1.1589312783887196,1.0188024059943777,37.30434782608696,0.373640713353632,35.04347826086956,4.608695652173913
20,2136,2111,843.1837695405021,87.39572121217124,42.86613258152685,20.71090047393365,1.9021556604065437,0.16241223526849072,16.073912669998283,0.17566053511705687,282.39038891085664,29.71317855841737,0.07101170568561874,522.008313790976,1.8485342783948662,1756.8242076985655,50.61716037352217,889.2545266916432,30.31792815126113,119.73537532932792,1.1761425023213645,0.9417335746066984,1.2804261433252155,42.207484604452866,0.42274881516587676,45.85504500236854,1.8474656560871625
21,2062,2038,872.8302870461237,86.06846427272532,51.4831994593175,30.436917034855178,1.9065226274765725,-0.5547755252361364,10.449989054117397,0.33412876254180607,380.29850815589805,31.70587440656995,0.10763879598662209,1153.8477862659552,3.0340581451688244,3639.2239856562983,56.48933191676271,2055.773316451827,36.4129613655579,116.11298980077409,1.2397075184102764,1.1375006554418976,1.3970581410417746,45.53483807654563,0.45606283750613646,54.121687929342485,0.8832188420019628
22,2130,2107,844.0985405790223,84.50233111792605,44.3529148365924,20.94017094017094,1.8409263836080134,-0.7995590952424452,11.202144475456551,0.3161889632107024,252.05161622397142,24.631011506701917,0.06204180602006689,554.2051589405548,2.1987764539787427,2250.030043588586,56.95093649542845,1281.4131812521969,31.369695316905254,115.33777274013947,1.2729294195322778,0.9931973743229265,1.1854564407546107,42.76222116753679,0.42830009496676164,44.945420028476505,5.695301376364499
23,1961,1937,917.6803691275168,104.04369141017293,50.13237446574038,28.770661157024794,2.364018886983588,-0.9373340158479225,7.2028865041427,0.33039130434782615,328.74185955548114,18.944729966056382,0.04783946488294315,864.643050287668,2.6301580561015956,4564.029425792105,70.61692368036503,3222.9771763610133,35.45800408348373,142.7962499735626,1.2651771743992533,1.1471654707466925,1.4172166698419164,43.9855446566856,0.44059917355371897,51.52297367062467,2.7878162106350026
24,1850,1837,973.0453864997278,85.13351348784072,49.86366183913654,30.28322440087146,1.986305197854175,-0.32603743352152126,14.89069671558717,0.3318862876254181,280.19840525612585,29.551131013763754,0.0792341137123746,556.0639600499003,1.984536491353722,1881.701109141669,53.4579135760109,1005.918152683792,35.2685290496976,115.14136256214888,1.2311275147022245,1.0540003465821999,1.3168464204196815,53.51115949918345,0.5359477124183006,64.72509526401741,6.151333696243875
25,2113,2097,851.7785824988079,131.32999754744256,42.80511324843233,19.799618320610687,2.8679047344632513,-0.8866131844822489,8.594825923198112,0.16669063545150503,248.30504904514646,27.192760069297613,0.09343645484949833,785.60050930821,3.163852335380314,2889.006144673059,54.34646462255921,1570.072702358306,30.27499227273166,183.27600564601468,1.3038988131878926,1.1550831820495795,0.8282213865529783,37.95898903195041,0.38024809160305345,36.76680972818312,3.481163567000477
26,2172,2152,827.5913394516729,89.42861433310289,41.17342292623454,17.99163179916318,1.9277706683591058,-0.722040623539309,9.005943836048996,0.2212575250836121,273.14453963724486,24.0729754393828,0.09343645484949833,730.118010259946,2.6730097230923744,3032.9362986242686,62.83951746853809,1905.88253518363,29.12077601468486,123.10260926969958,1.231882502882131,1.1012037039794609,1.091712527176803,32.806691449814124,0.3286843328684333,26.62639405204461,2.323420074349442
27,2195,2190,819.7738299086758,70.97510956591084,35.824729464719006,13.248058474189127,1.5166452672321997,-0.5997076160491789,15.073921932179704,0.20780267558528434,247.56875676465992,29.38211782097485,0.08596153846153848,482.56150010454917,1.949201936507984,1642.3645941548355,54.0989354623394,888.5017618481369,25.337697179162113,97.13801054113496,1.2668798785741644,1.0854117478785503,1.5075196695847197,31.05022831050228,0.31110095934216536,22.78538812785388,3.3333333333333335
28,2033,2020,885.0672957920792,73.71317730874836,44.201013651142766,20.307082714214957,1.6400966689921348,-0.6823330897932606,10.665791619087019,0.24816722408026762,292.9014659211503,35.36185583125266,0.04335451505016723,971.0989845452162,3.3154459691459452,2746.176527553633,52.50336705713198,1441.8351422982853,31.26257187505265,99.45656055023915,1.1971639749427347,0.9622679356945605,1.718282916243433,34.603960396039604,0.3467062902426944,30.04950495049505,1.9306930693069306
29,2115,2102,850.4809407706946,80.5462633047099,40.58957330216684,18.848167539267017,1.7568271791955674,-0.30712580204735324,13.315360081955689,0.17491304347826087,269.2835630249778,37.406203307325,0.08072909698996657,756.4854156278841,2.8092521026161377,2022.352841887449,45.096238925128524,912.0050694866906,28.707983277418027,110.2541450421534,1.3371354897102614,1.091459334036567,1.148764587289155,33.06374881065652,0.33127082341742026,24.976213130352047,1.7602283539486203
30,2000,1994,899.632491223671,77.97518161634936,44.78717974770807,23.632714500752634,1.746199332946408,-0.44950089291570167,13.483208123549923,0.19958026755852842,382.9226193341143,28.893432400932706,0.06204180602006689,820.5724272099532,2.142919706955136,2839.9963556543885,56.770879544760966,1612.2909101441542,31.6772568106741,105.62346199970894,1.2184287208204876,1.0213400811853142,1.7871390344245877,37.81344032096289,0.3788258906171601,38.71614844533601,1.9558676028084254
31,1957,1928,921.2347640041494,90.89510054702401,49.038027526088925,22.625843279709393,2.070079190390644,-0.4240971474707281,12.24057386656113,0.1629531772575251,373.47245421640656,30.48737542176751,0.10016387959866221,930.2010710861636,2.4906818711378476,3051.102491498873,53.65638782287725,1637.1113857121056,34.684092135101025,123.79568994873291,1.2245122075833386,1.0041863941418254,1.270483648283665,40.14522821576764,0.40217955371043074,46.83609958506224,1.4004149377593362
32,1788,1758,1007.8658276450512,97.88482925941015,57.6601809814466,35.116676152532726,2.3345649032186038,-0.9855701882502068,10.895109963060591,0.31843143812709035,425.67585891373204,24.020037828262343,0.06503177257525085,938.4715040373607,2.2046622668060496,3907.035912046487,61.143071492779676,2388.88176095116,40.78332819038727,132.20828460420827,1.1811488338155858,1.1081951988177625,1.4647524510759897,53.35608646188851,0.5344336937962436,65.13083048919226,4.493742889647327
33,1764,1752,1021.0607519977169,57.91132400941947,51.44420942808582,32.667047401484865,1.383555048082772,0.020689248049922677,30.968742443377298,0.3236638795986623,327.59177441081783,36.73239184325919,0.08820401337792644,388.5604797898421,1.1861118322908992,1057.8142622671257,30.805934878873263,325.86957277344436,36.38693622819548,73.3929133138761,1.069352617253412,0.7055088573263832,1.8379929859984858,55.47945205479452,0.555682467161622,71.68949771689498,3.595890410958904
34,1795,1721,1006.8092678675189,124.60771198767671,58.32119263021845,32.5,3.003685697086485,-1.193798261630394,9.19239656196935,0.32291638795986627,475.094462073504,24.63529542967691,0.04559698996655519,1273.236239459708,2.679964388350879,5168.341670974662,63.55603849320722,3284.7932218651254,41.25129969357632,171.3592689542432,1.2273564143986455,1.1685642302796613,1.120796293852548,50.49389889599071,0.5058139534883721,59.732713538640326,5.57815223707147
35,1757,1716,1024.34349504662,114.1595763263361,64.95771306829299,37.37609329446064,2.7558381414540833,-1.2797041162079603,13.351190938130086,0.30647157190635455,493.48942599713183,24.799129655966773,0.09194147157190637,916.6304576021225,1.8574470076030565,3696.2202719141696,53.71751116062423,1985.5175370867491,45.94543245788573,154.8030076838928,1.1662915091331243,1.138899401601869,1.4817377321870655,51.92307692307693,0.5201166180758018,60.89743589743589,7.459207459207459
36,1671,1667,1077.426702159568,88.85582937685629,57.72683641563101,37.5750300120048,2.1762968076506475,-1.9013089890854913,9.078612852518981,0.3124515050167225,427.92541521069114,11.715874591569591,0.04858695652173913,552.2341992766809,1.2904917063754806,4713.555056948569,73.6102150059823,3469.6580118451925,40.83128014299426,118.86316966942533,1.0796613548075344,1.1797539631632519,1.409415206088844,59.3881223755249,0.5948379351740696,74.08518296340732,10.317936412717456
37,1735,1729,1037.9509470792366,73.44493528841808,49.81355165762733,29.62962962962963,1.7662995401846207,-0.895116411523318,25.226826271693387,0.32216889632107026,307.6111729712777,23.671317946237426,0.112123745819398,288.6435971293255,0.9383391192890017,1219.3811843721428,47.92385649196837,584.37448888857,35.23368729518776,97.73277343712734,0.980713844037208,1.2193444434603675,1.8256876600916785,57.89473684210527,0.579861111111111,72.00694042799306,8.96471949103528
38,1773,1745,1015.7369269340974,68.53619258189136,48.926935571920495,25.974770642201836,1.6406738593265333,0.0023064013650714228,19.751248288054285,0.3206739130434783,221.56568200073622,41.062239110047344,0.06428428093645486,460.6282539821789,2.0789693143031434,1121.7806528954475,37.556881984950465,421.30583593795006,34.606466420429655,90.53801564418858,1.2130449465750417,0.9445001967406293,1.7761485447464231,52.607449856733524,0.5269495412844037,64.41260744985672,3.6676217765042978
39,1855,1805,969.8060941828255,112.43164753835784,55.033476594821856,27.827050997782706,2.6463663865059477,-0.3004234836420454,8.447098067014633,0.17566053511705687,381.34521484777036,30.421786113673257,0.044849498327759196,1373.3950369149359,3.601448198224234,4514.5115141600945,59.919385276471125,2705.067547520237,38.925330267536395,154.12089480453636,1.258700822290326,1.130660845239645,1.2470069757282767,46.86980609418283,0.46951219512195125,50.30470914127424,7.700831024930747
40,1753,1749,1026.5642867352774,61.8061411235168,56.40735087146849,39.359267734553775,1.4778716714552462,0.02132807430119338,32.54640341274958,0.3057240802675586,436.62431373246136,40.04213933828294,0.06204180602006689,537.1829073472533,1.23030919362958,1341.5439739846038,26.983535532997166,361.99599491091783,39.89742974359891,77.76095847078948,1.0252774014629202,0.7039199509373655,1.9370889743661897,54.60263007432818,0.5469107551487414,74.09948542024014,2.4585477415666093
41,1770,1731,1016.7578350664356,101.34143283620577,59.290623516202196,37.57225433526011,2.435782502711841,-0.6532245218593877,16.462207842932617,0.30796655518394656,404.4267135594912,34.18288235692889,0.06054682274247492,839.7701513371699,2.076445801381613,2456.6978950707116,47.33648911802371,1162.9145317628647,41.93690364198385,137.070556798644,1.1839697280836532,1.0816460437966533,1.5256580260397559,51.47313691507799,0.5156069364161849,64.29809358752166,3.928365106874639
42,1863,1796,964.4479050668151,124.03088665492794,56.66592686600622,27.910863509749305,2.9266897204185023,-0.763549529910212,8.99951233785288,0.3102090301003345,317.9894749542622,21.73621296393688,0.05008193979933111,768.029054065986,2.4152656441740876,3533.407844964728,66.27041313339589,2341.603976545946,40.079873839043486,170.68991245167936,1.4279633200839636,1.0645981802869335,0.9718187695460414,43.26280623608017,0.4334261838440111,46.32516703786192,3.3964365256124722
43,1812,1778,993.5188765466817,97.394065233815,59.92074139753861,36.972425436128304,2.309758720005028,-0.2757070731051174,18.047955248531736,0.3012391304347827,414.6928930711837,31.800562391970438,0.04410200668896321,730.690376722302,1.7620036150387464,2297.7278442937204,47.15779280675089,1083.5577360750565,42.38219354987712,130.9407681915316,1.2350510659131018,1.0998305510150785,1.4902991606324332,49.32508436445444,0.494091164884637,61.754780652418454,2.5871766029246346
44,925,902,930.5189855875832,117.4187226783507,54.86373122775564,33.18534961154273,3.909615815704008,-0.1652579801042396,26.9181805762366,0.30647157190635455,462.4134910980835,34.02394906554241,0.042607023411371236,584.4798099850059,1.2639765518022714,1717.8482393654149,35.515917043061684,610.1095556187164,38.81599311012981,161.53412340451678,1.2151317130976533,1.0397019986068028,1.1360249591498328,46.34146341463415,0.46503884572697,60.310421286031044,0.8869179600886918
45,1204,1186,997.1477129005059,100.07118616666733,58.4365198816699,34.09282700421941,2.9058065815499923,-0.18590612845587878,15.197539792531947,0.31843143812709035,420.6045629707561,37.58417976876798,0.06503177257525085,1040.1734571555496,2.473043682191035,2767.5832319744322,44.26032521256926,1224.941339000419,41.33798320031207,135.2640384864305,1.1668906743744338,1.0451082843251616,1.4776870550147676,52.4451939291737,0.5257383966244726,63.40640809443507,4.3001686340640815
46,1170,1153,1027.2183976582828,73.66772833502688,51.940212700699256,34.72222222222222,2.1695148354012925,-1.3047983802954424,23.000280039242426,0.32964381270903015,309.5378477171581,26.43892204860844,0.08596153846153848,355.81510368243016,1.1495043540121728,1345.8003432524883,45.30517771808854,609.7172372411853,36.74321983085723,97.53188168726491,1.1011883137460314,1.1844829134001125,1.7929510601427319,55.42064180398959,0.5555555555555556,70.51170858629662,3.6426712922810056
47,1177,1170,1019.3108974358975,59.6951565274608,53.33414164709165,32.93413173652694,1.7452038582065947,0.24763447895492563,30.065134730776574,0.3206739130434783,396.10691855739253,40.237786248828954,0.08297157190635453,530.1311856181054,1.338353764556359,1317.495903824813,28.67402793267438,377.7791434745677,37.72907371228444,75.55077010555391,1.006396361976679,0.6767411464726534,1.883193675187687,55.38461538461539,0.5551753635585971,71.53846153846153,4.188034188034187
48,1172,1102,1030.661581215971,129.52693000156327,63.720537878452504,38.23796548592189,3.901838367457337,-0.9803811897249768,9.62068007076213,0.32291638795986627,609.5915092464978,25.58488696923891,0.04559698996655519,1621.1255074241226,2.659363660474797,6336.262143245838,63.462577004113655,4021.155241839892,45.07757708003644,177.5798365554943,1.2111419453753118,1.18756387151051,1.1908000029366745,52.994555353901994,0.5313351498637602,65.24500907441016,5.807622504537205
49,1205,1186,994.5259801854975,100.98161827738366,54.843151758731224,28.60759493670886,2.932243158557962,-2.032199958803601,9.339007790365978,0.31469397993311043,318.04136896356675,21.775289752483218,0.08072909698996657,741.5608936103794,2.331649168870635,3405.5156190324083,54.752927880500316,1864.6195108479885,38.79629736140619,137.48384975118702,1.1906655965091053,1.08449801343241,1.3200097146477976,48.65092748735245,0.48776371308016875,54.21585160202361,5.564924114671164
50,1174,1148,1022.9679333623693,125.00103291862911,66.37268611116936,38.36094158674804,3.689288836260394,-2.1070517569138776,12.494451797087656,0.3169364548494984,485.7284464715427,22.35095690603817,0.06951672240802677,868.9053150497464,1.7888705538283782,3887.5530864408283,50.55912657438566,1965.5128856200547,46.95302863505888,170.48886142952125,1.1866468361189755,0.9987026168470918,1.1327925009171138,51.829268292682926,0.5196163905841326,61.41114982578397,8.188153310104529
51,1120,1116,1071.2855622759857,101.60040666668054,58.61394924627068,39.82062780269058,3.041328620902052,-2.016158689720903,6.487351564606381,0.3124515050167225,464.07787557834604,9.669560563176464,0.049334448160535116,691.719737900063,1.490525134468054,7153.5798693299885,77.74827445809775,5561.78491038591,41.464861221506176,137.6099631429603,1.0990757925540129,1.2527860734616831,1.4060325303472614,58.96057347670251,0.5910313901345292,74.91039426523297,9.13978494623656
52,1120,1120,1070.8705357142858,54.68913853302105,54.303656600606594,32.52904378909741,1.6341505748629688,0.1649243461251508,32.023373797080865,0.3281488294314382,397.08162187084093,40.25446144825386,0.07998160535117058,499.1449976725112,1.2570337436439416,1239.9743524432688,27.390031614772386,339.62936714928054,38.415652833224925,67.1638693475949,0.992905394466724,0.7551495825422825,1.8943416306025642,59.285714285714285,0.5942806076854334,72.76785714285714,12.5
53,1165,1159,1030.8455565142365,81.59877887231524,48.39203741459963,28.497409326424872,2.3968559924124024,-1.0722814090226243,19.021124754246205,0.3206739130434783,305.72594481247614,18.612860679469232,0.08820401337792644,299.16392907435227,0.9785362811057831,1607.2968805076946,59.288190358711084,952.937234145027,34.233120813854875,110.25524334460351,1.2291326710796435,1.2859294463986872,1.2893905554802876,57.549611734253666,0.5768566493955095,71.09577221742882,7.333908541846419
54,1177,1175,1019.2752659574468,48.58000390595129,42.032656595559075,22.7427597955707,1.4172243713418538,0.37690577418765564,17.486525874787418,0.3206739130434783,210.13056738966404,40.33641847419881,0.06428428093645486,484.71117482925195,2.306714253192913,1201.6713262217306,41.18919411743396,494.95873521101174,29.734239500895185,61.96529672204265,1.1094637237290437,0.677347281243978,1.7260210279411796,53.531914893617014,0.5366269165247018,66.80851063829788,3.829787234042553
55,1200,1167,999.4309661525278,99.65480392306108,56.82890121867681,29.67409948542024,2.9171772027080882,-0.062387828889711026,9.332353214445675,0.30796655518394656,525.4505977359031,26.059442501530466,0.0844665551839465,1467.2558275974898,2.792376360250993,5630.419098610103,60.56717709141475,3410.185906444019,40.201208876471185,135.0557197070903,1.2662807243475926,0.9885937415923027,1.3139059365505354,49.87146529562982,0.5,56.64095972579263,5.3984575835475574
56,1250,1207,959.72064001657,116.42247816899184,56.27696731838452,28.524046434494196,3.3510677202633055,-0.855379003878187,8.000865039280125,0.32590635451505023,340.3702334816753,30.50278401970294,0.05008193979933111,1297.639651169712,3.8124357641267523,4254.167915727023,58.244876019315235,2477.8348281686913,39.81001065866889,159.7200842210369,1.30444763578638,1.1635797047044607,1.3057373406516377,45.650372825186416,0.4577114427860696,48.46727423363711,8.20215410107705
57,1157,1153,1036.8535884648743,63.642372640563075,57.551862391167155,39.49652777777778,1.8742680780912468,-0.1435490968359089,29.25365113580878,0.29675418060200676,466.45860729634546,43.4624662027395,0.06204180602006689,693.0226029043622,1.485710826350083,1594.53124374401,26.790855575029248,427.18856261017527,40.71291421003791,80.26738554413653,1.0624165963939294,0.7056352133987941,1.9175996950069472,54.81352992194276,0.5494791666666667,73.8074588031223,2.3417172593235036
58,1187,1183,1010.104078613694,70.43255095919694,54.74223753246972,38.40947546531303,2.0477693850760317,-0.07184544387862417,31.542239292626927,0.30721906354515055,388.9648652804258,42.67320138059736,0.047091973244147156,526.2269388073674,1.3528906741434912,1233.1555209884773,24.4784298001372,301.8571085316806,38.72498745669748,91.795871331382,1.0741046153722449,0.8390871834206949,1.9961915072290801,53.59256128486898,0.5372250423011845,71.93575655114117,2.113271344040575
59,1178,1143,1018.3727034120735,108.9761750148142,61.25186939809579,37.56567425569177,3.223357275688835,-0.8009802346905887,9.272491873601284,0.3154414715719064,504.73528542179196,22.68166668241359,0.06503177257525085,1234.645191696853,2.4461241909510996,5443.361852478615,67.28237007991963,3662.4228663738304,43.330570430993255,147.94226776708624,1.2090271626474467,1.1601513648065516,1.4985214914284155,50.481189851268596,0.5061295971978984,61.592300962379696,5.074365704286964
60,1203,1165,996.7207618025751,119.49417289098808,60.34877020885885,34.36426116838488,3.5009327212002033,-0.28920135621171456,10.229207919760311,0.31469397993311043,396.97783900735743,21.845190531137746,0.053819397993311036,847.7740014456809,2.1355700952112056,3880.826767050985,64.03539497654562,2485.1027486366042,42.691365751142804,163.57365597151755,1.4032088623383043,1.1191305226694874,1.159287413895339,45.836909871244636,0.4596219931271478,51.072961373390555,2.317596566523605
61,1275,1228,937.5572577361563,112.49960515586477,52.88405602925844,22.656886715566422,3.2103458011638035,-0.5876844908391061,7.415714224001264,0.1726705685618729,487.2337160085129,29.732828361705437,0.044849498327759196,1953.5321902278542,4.00943556663415,6570.287113162491,58.463123206710435,3841.195050002805,37.40987638614924,154.68692241511224,1.462690607929932,0.9388075269005723,1.132553364653527,40.87947882736157,0.4099429502852485,41.20521172638437,4.315960912052117
62,1196,1176,1003.6670918367347,90.38592420608731,61.725167152251636,40.851063829787236,2.635707074223674,-0.18527695841241554,24.040484504496025,0.2989966555183947,544.4271523236802,26.705480734808052,0.07699163879598664,604.7793597989818,1.1108545141764352,2264.6263731575873,47.93142702456871,1085.4677374291662,43.664868760271766,120.18656635650517,1.0852696933792745,1.01363676792018,1.5136111878649403,52.38095238095239,0.5251063829787234,70.32312925170068,1.9557823129251701
63,925,902,930.5189855875832,117.4187226783507,54.86373122775564,33.18534961154273,3.909615815704008,-0.1652579801042396,26.9181805762366,0.30647157190635455,462.4134910980835,34.02394906554241,0.042607023411371236,584.4798099850059,1.2639765518022714,1717.8482393654149,35.515917043061684,610.1095556187164,38.81599311012981,161.53412340451678,1.2151317130976533,1.0397019986068028,1.1360249591498328,46.34146341463415,0.46503884572697,60.310421286031044,0.8869179600886918
